{"_step":19,"_wandb":{"runtime":379},"train_episode_reward_averaged":-171.595,"test_episode_reward_averaged":-173.5,"episode":19000,"_timestamp":1.7433219073329573e+09,"_runtime":379.689741415}