{"episode":19000,"_timestamp":1.7433210785881467e+09,"_runtime":220.382706368,"_wandb":{"runtime":220},"_step":19,"train_episode_reward_averaged":-120.567,"test_episode_reward_averaged":-131.6}