{"_runtime":208.263184017,"_step":19901,"final_reward":474.49,"_wandb":{"runtime":208},"reward":474.49,"_timestamp":1.7433349400503504e+09}