{"test_episode_reward_averaged":221,"episode":19000,"_timestamp":1.7433418135359373e+09,"_runtime":251.008848391,"_step":19,"_wandb":{"runtime":251},"train_episode_reward_averaged":276.764}