{"test_episode_reward_averaged":-160.1,"episode":19000,"_wandb":{"runtime":362},"_timestamp":1.7433182915427086e+09,"_runtime":362.128111628,"_step":19,"train_episode_reward_averaged":-163.218}