{"test_episode_reward_averaged":-146.6,"_wandb":{"runtime":293},"episode":19000,"_timestamp":1.7433179385321305e+09,"_runtime":293.279441727,"_step":19,"train_episode_reward_averaged":-138.575}