{"_wandb":{"runtime":198},"reward":-147.11999999999998,"_timestamp":1.7433338887104316e+09,"_runtime":198.470320949,"_step":19901,"final_reward":-147.11999999999998}