{"_step":19901,"final_reward":199.98,"_wandb":{"runtime":91},"reward":199.98,"_timestamp":1.7433358648984432e+09,"_runtime":91.805400475}