{"_step":9901,"qlearning_final_reward":199.3,"_wandb":{"runtime":98},"reward":199.3,"_timestamp":1.743335227613194e+09,"_runtime":98.685747521}