{"reward":200,"_timestamp":1.7433124921095362e+09,"_runtime":77.245125473,"_step":25,"_wandb":{"runtime":78}}