{"sarsa_reward":500,"_wandb":{"runtime":114},"_timestamp":1.7433167446726193e+09,"_runtime":114.194539336,"_step":17191}