{"_timestamp":1.7433363685937235e+09,"_runtime":172.593208259,"_step":19901,"reward":-116.13,"qlearning_final_reward":-116.13,"_wandb":{"runtime":172}}