{"_runtime":198.476056332,"_step":19901,"reward":-141.29999999999998,"_timestamp":1.7433365747809246e+09,"qlearning_final_reward":-141.29999999999998,"_wandb":{"runtime":198}}