{"_runtime":115.901779166,"final_reward":-131.38,"_wandb":{"runtime":115},"_step":19901,"reward":-131.38,"_timestamp":1.743335889763551e+09}