{"train_episode_reward_averaged":276.764,"test_episode_reward_averaged":221,"episode":19000,"_wandb":{"runtime":251},"_timestamp":1.743343461190017e+09,"_runtime":251.491698998,"_step":19}