{"reward":380.96,"_timestamp":1.7433336970938427e+09,"_runtime":188.578573459,"_step":19901,"final_reward":380.96,"_wandb":{"runtime":188}}