{"_timestamp":1.7433209231014318e+09,"_runtime":206.461395756,"_step":9,"train_episode_reward_averaged":-144.371,"_wandb":{"runtime":206},"test_episode_reward_averaged":-168.5,"episode":9000}