{"test_episode_reward_averaged":113.9,"episode":9000,"_timestamp":1.7433313593610897e+09,"_runtime":70.763248996,"_step":9,"train_episode_reward_averaged":106.928,"_wandb":{"runtime":70}}