{"episode":19000,"_timestamp":1.743319018498696e+09,"_wandb":{"runtime":222},"_runtime":222.911201761,"_step":19,"train_episode_reward_averaged":-120.567,"test_episode_reward_averaged":-131.6}