{"train_episode_reward_averaged":-141.498,"test_episode_reward_averaged":-153.15,"episode":19000,"_timestamp":1.7433199378749747e+09,"_runtime":338.433371028,"_step":19,"_wandb":{"runtime":338}}