{"_wandb":{"runtime":203},"train_episode_reward_averaged":-122.843,"test_episode_reward_averaged":-135.05,"episode":19000,"_timestamp":1.7433176389396899e+09,"_runtime":203.840116072,"_step":19}