{"_runtime":179.899197736,"_step":19901,"qlearning_final_reward":-120.47999999999999,"_wandb":{"runtime":179},"reward":-120.47999999999999,"_timestamp":1.743337115273122e+09}