{"_timestamp":1.7433346146387174e+09,"_runtime":104.498079733,"_step":9901,"final_reward":326.62000000000006,"_wandb":{"runtime":104},"reward":326.62000000000006}