{"_runtime":209.751623428,"_step":9,"_wandb":{"runtime":209},"train_episode_reward_averaged":-150.515,"test_episode_reward_averaged":-169.2,"episode":9000,"_timestamp":1.743318507588264e+09}