{"episode":19000,"_timestamp":1.7433387185333378e+09,"_runtime":334.730231512,"_step":19,"train_episode_reward_averaged":299.096,"_wandb":{"runtime":334},"test_episode_reward_averaged":250.6}