{"reward":-140.25000000000003,"_timestamp":1.7433355279606118e+09,"_runtime":114.126592613,"_step":19901,"final_reward":-140.25000000000003,"_wandb":{"runtime":114}}