{"_step":9901,"qlearning_final_reward":255.21999999999997,"_wandb":{"runtime":141},"reward":255.21999999999997,"_timestamp":1.743334200506692e+09,"_runtime":141.128708885}