{"_timestamp":1.7433377333773022e+09,"_runtime":216.877196347,"_step":19901,"qlearning_final_reward":281.3,"_wandb":{"runtime":216},"reward":281.3}