{"train_episode_reward_averaged":-120.567,"test_episode_reward_averaged":-131.6,"episode":19000,"_timestamp":1.7433174307894151e+09,"_runtime":222.070110527,"_step":19,"_wandb":{"runtime":222}}