{"_step":19901,"final_reward":278.25,"_wandb":{"runtime":192},"reward":278.25,"_timestamp":1.7433338959526386e+09,"_runtime":192.034978143}