{"reward":381,"_timestamp":1.7433122466045349e+09,"episode":9999,"final_reward":381,"_wandb":{"runtime":59},"_runtime":59.436774225,"_step":10010}