{"_timestamp":1.7433363289174292e+09,"_runtime":601.659261561,"_step":19901,"qlearning_final_reward":639.82,"_wandb":{"runtime":601},"reward":639.82}