{"episode":19000,"_timestamp":1.7433391816461885e+09,"_runtime":344.966422299,"_step":19,"train_episode_reward_averaged":281.786,"test_episode_reward_averaged":247.25,"_wandb":{"runtime":345}}