{"_step":19,"train_episode_reward_averaged":-120.567,"_wandb":{"runtime":220},"test_episode_reward_averaged":-131.6,"episode":19000,"_timestamp":1.7433215318889189e+09,"_runtime":220.542204363}