{"_step":19,"_wandb":{"runtime":317},"train_episode_reward_averaged":-133.38,"test_episode_reward_averaged":-150.15,"episode":19000,"_timestamp":1.7433165334811878e+09,"_runtime":317.412720711}