{"sarsa_final_reward":534.77,"_wandb":{"runtime":207},"sarsa_reward":534.77,"_timestamp":1.7433209285076833e+09,"_runtime":207.470451863,"_step":19901}