{"_timestamp":1.7433348924781752e+09,"_runtime":209.151298197,"_step":19901,"qlearning_final_reward":196.81,"_wandb":{"runtime":209},"reward":196.81}