{"_timestamp":1.7433188469229112e+09,"_runtime":332.522478262,"_step":19,"train_episode_reward_averaged":-139.941,"_wandb":{"runtime":332},"test_episode_reward_averaged":-161.7,"episode":19000}