{"_wandb":{"runtime":57},"reward":-157.18,"_timestamp":1.7433348694082606e+09,"_runtime":57.908016304,"_step":9901,"final_reward":-157.18}