{"_timestamp":1.743340103214867e+09,"_runtime":244.661667845,"_step":19,"train_episode_reward_averaged":209.764,"test_episode_reward_averaged":223.2,"episode":19000,"_wandb":{"runtime":244}}