{"_step":19,"_wandb":{"runtime":222},"train_episode_reward_averaged":-124.864,"test_episode_reward_averaged":-135.45,"episode":19000,"_timestamp":1.7433201716928616e+09,"_runtime":222.568693672}