{"_runtime":224.066346341,"_step":19901,"sarsa_final_reward":632.71,"_wandb":{"runtime":224},"sarsa_reward":632.71,"_timestamp":1.7433185378285918e+09}