{"sarsa_reward":289.07,"_timestamp":1.7433174004379518e+09,"_runtime":46.984292606,"_step":9901,"sarsa_final_reward":289.07,"_wandb":{"runtime":46}}