{"_timestamp":1.7433327001912897e+09,"_runtime":360.334366171,"_step":19,"_wandb":{"runtime":360},"train_episode_reward_averaged":345.211,"test_episode_reward_averaged":320.15,"episode":19000}