{"qlearning_reward":{"bins":[1.3,1.33125,1.3625,1.39375,1.425,1.45625,1.4875,1.51875,1.55,1.58125,1.6125,1.64375,1.6749999999999998,1.7062499999999998,1.7374999999999998,1.7687499999999998,1.7999999999999998,1.8312499999999998,1.8624999999999998,1.8937499999999998,1.9249999999999998,1.9562499999999998,1.9874999999999998,2.01875,2.05,2.08125,2.1125,2.14375,2.175,2.20625,2.2375,2.26875,2.3],"_type":"histogram","values":[0,0,0,0,0,0,0,0,0,0,0,0,0,0,0,0,100,0,0,0,0,0,0,0,0,0,0,0,0,0,0,0]},"_timestamp":1.7433149213428304e+09,"_runtime":125.200011513,"qlearning_final_reward":180,"_wandb":{"runtime":125},"_step":10000}