{"_runtime":108.875560552,"_step":9901,"reward":220.35000000000002,"qlearning_final_reward":220.35000000000002,"_wandb":{"runtime":108},"_timestamp":1.7433345404644158e+09}