{"_runtime":170.165449351,"_step":19901,"sarsa_final_reward":489.00000000000006,"_wandb":{"runtime":170},"sarsa_reward":489.00000000000006,"_timestamp":1.743320269100906e+09}