{"final_reward":293.6,"_wandb":{"runtime":59},"reward":293.6,"_timestamp":1.7433357685973043e+09,"_runtime":59.209679277,"_step":9901}