{"_runtime":184.909584501,"_step":19901,"qlearning_reward":228.00000000000003,"qlearning_final_reward":228.00000000000003,"_wandb":{"runtime":184},"_timestamp":1.743319926370797e+09}