{"reward":-202.20999999999998,"_timestamp":1.743333681913364e+09,"_runtime":109.307966866,"_step":9901,"final_reward":-202.20999999999998,"_wandb":{"runtime":109}}