{"_runtime":221.910987113,"_step":19,"train_episode_reward_averaged":-120.567,"test_episode_reward_averaged":-131.6,"episode":19000,"_timestamp":1.7433187892490125e+09,"_wandb":{"runtime":221}}