{"_runtime":356.6621908,"_step":19,"train_episode_reward_averaged":262.682,"test_episode_reward_averaged":365.85,"episode":19000,"_wandb":{"runtime":356},"_timestamp":1.743334168774767e+09}