{"_wandb":{"runtime":108},"reward":-189.33,"_timestamp":1.7433344226876621e+09,"_runtime":108.692007046,"_step":9901,"qlearning_final_reward":-189.33}