{"_timestamp":1.7433354052017822e+09,"_runtime":140.24097164,"final_reward":-162.44,"_wandb":{"runtime":140},"_step":19901,"reward":-162.44}