{"_runtime":360.9863642,"_step":19,"train_episode_reward_averaged":-152.55,"test_episode_reward_averaged":-150.35,"episode":19000,"_timestamp":1.7433224639406853e+09,"_wandb":{"runtime":361}}