{"_timestamp":1.7433153288186522e+09,"_runtime":54.056576371,"_step":10000,"sarsa_final_reward":200,"_wandb":{"runtime":54},"sarsa_reward":{"values":[0,0,0,0,0,0,0,0,0,0,0,0,0,0,0,0,100,0,0,0,0,0,0,0,0,0,0,0,0,0,0,0],"bins":[1.5,1.53125,1.5625,1.59375,1.625,1.65625,1.6875,1.71875,1.75,1.78125,1.8125,1.84375,1.875,1.90625,1.9375,1.96875,2,2.03125,2.0625,2.09375,2.125,2.15625,2.1875,2.21875,2.25,2.28125,2.3125,2.34375,2.375,2.40625,2.4375,2.46875,2.5],"_type":"histogram"}}