{"qlearning_final_reward":412.98,"_wandb":{"runtime":211},"reward":412.98,"_timestamp":1.743334423911943e+09,"_runtime":211.025901407,"_step":9901}