{"test_episode_reward_averaged":-177.95,"episode":19000,"_timestamp":1.7433177410789478e+09,"_runtime":355.089611735,"_step":19,"_wandb":{"runtime":355},"train_episode_reward_averaged":-177.25}