{"_timestamp":1.7433368787930214e+09,"_wandb":{"runtime":358},"_runtime":358.026231411,"_step":19,"train_episode_reward_averaged":345.01,"test_episode_reward_averaged":306.15,"episode":19000}