{"_runtime":186.299908083,"_step":9,"_wandb":{"runtime":186},"train_episode_reward_averaged":-137.406,"test_episode_reward_averaged":-199.6,"episode":9000,"_timestamp":1.7433201284441693e+09}