{"_timestamp":1.7433203966409755e+09,"_runtime":220.654156611,"_step":19,"train_episode_reward_averaged":-120.567,"test_episode_reward_averaged":-131.6,"_wandb":{"runtime":220},"episode":19000}