{"_timestamp":1.7433345028398726e+09,"final_reward":475.82,"_wandb":{"runtime":81},"_runtime":81.806774137,"_step":9901,"reward":475.82}