{"_wandb":{"runtime":180},"reward":-131.36,"_timestamp":1.7433346107583988e+09,"_runtime":180.192442948,"_step":19901,"qlearning_final_reward":-131.36}