{"_timestamp":1.7433360817332647e+09,"_runtime":93.087578886,"final_reward":200,"_wandb":{"runtime":93},"_step":19901,"reward":200}