{"_timestamp":1.7433149319192119e+09,"_runtime":158.58196395,"_step":20000,"sarsa_final_reward":500,"_wandb":{"runtime":158},"sarsa_reward":{"_type":"histogram","values":[0,0,0,0,0,0,0,0,0,0,0,0,0,0,0,0,100,0,0,0,0,0,0,0,0,0,0,0,0,0,0,0],"bins":[4.5,4.53125,4.5625,4.59375,4.625,4.65625,4.6875,4.71875,4.75,4.78125,4.8125,4.84375,4.875,4.90625,4.9375,4.96875,5,5.03125,5.0625,5.09375,5.125,5.15625,5.1875,5.21875,5.25,5.28125,5.3125,5.34375,5.375,5.40625,5.4375,5.46875,5.5]}}