{"_timestamp":1.743319715028535e+09,"_runtime":220.486007681,"_step":19,"_wandb":{"runtime":220},"train_episode_reward_averaged":-120.567,"test_episode_reward_averaged":-131.6,"episode":19000}