{"_step":9901,"reward":317.7,"final_reward":317.7,"_wandb":{"runtime":60},"_timestamp":1.7433335052454755e+09,"_runtime":60.248204178}