{"_wandb":{"runtime":186},"reward":-131.61,"_timestamp":1.7433352519892976e+09,"_runtime":186.427393426,"_step":19901,"final_reward":-131.61}