{"_runtime":10.884656666,"_step":7,"_wandb":{"runtime":11},"reward":279,"_timestamp":1.7433122620116813e+09}