{"_runtime":113.198636462,"_step":3,"_wandb":{"runtime":126},"train_episode_reward_averaged":-376.855,"test_episode_reward_averaged":-201.25,"episode":3000,"_timestamp":1.7433169239465764e+09}