{"final_reward":-180.9,"_wandb":{"runtime":62},"reward":-180.9,"_timestamp":1.743334805526917e+09,"_runtime":62.843295697,"_step":9901}