{"qlearning_reward":174,"_timestamp":1.7433136545786808e+09,"_wandb":{"runtime":231},"_runtime":231.140122651,"_step":19999}