{"test_episode_reward_averaged":246.5,"episode":9000,"_timestamp":1.7433323349196074e+09,"_runtime":116.017689127,"_step":9,"_wandb":{"runtime":116},"train_episode_reward_averaged":202.858}