{"_timestamp":1.7433181306590781e+09,"_runtime":237.240035748,"_step":19901,"qlearning_reward":285.98,"qlearning_final_reward":285.98,"_wandb":{"runtime":237}}