{"qlearning_final_reward":-120.85000000000001,"_wandb":{"runtime":155},"_runtime":155.861400082,"_step":19901,"reward":-120.85000000000001,"_timestamp":1.7433369218457358e+09}