{"_timestamp":1.7433141206230042e+09,"_runtime":31.973198309,"_step":8409,"_wandb":{"runtime":32},"sarsa_reward":200}