{"reward":256.07,"_timestamp":1.7433335937903924e+09,"_runtime":94.544017779,"_step":9901,"qlearning_final_reward":256.07,"_wandb":{"runtime":94}}