{"qlearning_final_reward":214.56,"_wandb":{"runtime":96},"qlearning_reward":214.56,"_timestamp":1.7433178802121997e+09,"_runtime":96.273073742,"_step":9901}