{"_wandb":{"runtime":192},"_runtime":192.820401629,"_step":9,"train_episode_reward_averaged":-150.138,"test_episode_reward_averaged":-143.4,"episode":9000,"_timestamp":1.7433207100040908e+09}