{"reward":259.08000000000004,"_timestamp":1.7433347192396393e+09,"_runtime":97.810492417,"_step":9901,"final_reward":259.08000000000004,"_wandb":{"runtime":97}}