{"_wandb":{"runtime":37},"sarsa_reward":200,"_timestamp":1.7433132619362795e+09,"_runtime":37.402097487,"_step":9999}