{"reward":-133.70999999999998,"_timestamp":1.7433344698500686e+09,"_runtime":170.942418427,"_step":19901,"final_reward":-133.70999999999998,"_wandb":{"runtime":170}}