{"_timestamp":1.743333807769348e+09,"_runtime":361.121520716,"_step":19,"train_episode_reward_averaged":345.211,"test_episode_reward_averaged":320.15,"_wandb":{"runtime":361},"episode":19000}