{"_timestamp":1.7433355915559573e+09,"_runtime":267.467938253,"_step":19901,"reward":-126.01,"qlearning_final_reward":-126.01,"_wandb":{"runtime":267}}