{"_timestamp":1.7433143818032987e+09,"_runtime":55.68777826,"_step":6272,"_wandb":{"runtime":55},"qlearning_reward":200}