{"qlearning_final_reward":295.55,"_wandb":{"runtime":252},"_timestamp":1.7433193921926513e+09,"_runtime":252.619861702,"_step":19901,"qlearning_reward":295.55}