{"_runtime":138.789511877,"_step":40000,"qlearning_final_reward":191,"_wandb":{"runtime":138},"qlearning_reward":{"bins":[1.4100000000000001,1.4412500000000001,1.4725000000000001,1.5037500000000001,1.5350000000000001,1.5662500000000001,1.5975000000000001,1.6287500000000001,1.6600000000000001,1.6912500000000001,1.7225000000000001,1.7537500000000001,1.7850000000000001,1.8162500000000001,1.8475000000000001,1.8787500000000001,1.9100000000000001,1.9412500000000001,1.9725000000000001,2.00375,2.035,2.06625,2.0975,2.12875,2.16,2.19125,2.2225,2.25375,2.285,2.31625,2.3475,2.37875,2.41],"_type":"histogram","values":[0,0,0,0,0,0,0,0,0,0,0,0,0,0,0,0,100,0,0,0,0,0,0,0,0,0,0,0,0,0,0,0]},"_timestamp":1.7433158130270088e+09}