{"_wandb":{"runtime":174},"sarsa_reward":861.72,"_timestamp":1.7433196868798518e+09,"_runtime":174.753636075,"_step":19901,"sarsa_final_reward":861.72}