{"_step":19,"train_episode_reward_averaged":-120.567,"test_episode_reward_averaged":-131.6,"episode":19000,"_timestamp":1.7433213049727893e+09,"_runtime":220.899312585,"_wandb":{"runtime":220}}