{"_step":19901,"final_reward":200,"_wandb":{"runtime":97},"reward":200,"_timestamp":1.7433343110807595e+09,"_runtime":97.8937075}