{"sarsa_final_reward":496.44,"_wandb":{"runtime":140},"sarsa_reward":496.44,"_timestamp":1.7433170359491324e+09,"_runtime":140.666921701,"_step":19901}