{"qlearning_reward":403.87000000000006,"_timestamp":1.743321815555545e+09,"_runtime":246.271420269,"_step":19901,"qlearning_final_reward":403.87000000000006,"_wandb":{"runtime":246}}