{"sarsa_final_reward":493.1499999999999,"_wandb":{"runtime":237},"sarsa_reward":493.1499999999999,"_timestamp":1.7433187836368825e+09,"_runtime":237.303813003,"_step":19901}