{"sarsa_reward":300,"_timestamp":1.7433129091051419e+09,"_wandb":{"runtime":89},"_runtime":89.678901049,"_step":19999}