{"sarsa_final_reward":535.96,"_wandb":{"runtime":224},"_timestamp":1.7433176370965977e+09,"_runtime":224.168654036,"_step":19901,"sarsa_reward":535.96}