{"train_episode_reward_averaged":149.328,"test_episode_reward_averaged":132.7,"episode":9000,"_timestamp":1.7433388221079378e+09,"_runtime":91.164273964,"_wandb":{"runtime":91},"_step":9}