{"reward":1000,"episode":9999,"final_reward":1000,"_wandb":{"runtime":66},"_timestamp":1.743311973961997e+09,"_runtime":66.675591815,"_step":10010}