{"episode":19000,"_timestamp":1.7433168813558214e+09,"_runtime":343.584324813,"_step":19,"train_episode_reward_averaged":-171.595,"test_episode_reward_averaged":-173.5,"_wandb":{"runtime":343}}