{"reward":430.73,"_timestamp":1.7433340555201821e+09,"_runtime":456.11396807,"_step":19901,"qlearning_final_reward":430.73,"_wandb":{"runtime":456}}