{"_runtime":187.033246705,"_step":9,"train_episode_reward_averaged":-137.406,"test_episode_reward_averaged":-199.6,"episode":9000,"_wandb":{"runtime":187},"_timestamp":1.7433173786082413e+09}