{"_step":19,"_wandb":{"runtime":357},"train_episode_reward_averaged":345.01,"test_episode_reward_averaged":306.15,"episode":19000,"_timestamp":1.7433372428223698e+09,"_runtime":357.689073942}