{"_step":19901,"qlearning_final_reward":589.93,"_wandb":{"runtime":459},"qlearning_reward":589.93,"_timestamp":1.7433211627885778e+09,"_runtime":459.846138342}