{"_timestamp":1.7433209948510916e+09,"_runtime":53.36001726,"_step":9901,"sarsa_final_reward":295.75,"_wandb":{"runtime":53},"sarsa_reward":295.75}