{"_wandb":{"runtime":86},"sarsa_reward":275,"_timestamp":1.743313181472028e+09,"_runtime":86.269933205,"_step":19999}