{"episode":19000,"_timestamp":1.7433185549805808e+09,"_runtime":260.896442348,"_step":19,"train_episode_reward_averaged":-130.597,"_wandb":{"runtime":260},"test_episode_reward_averaged":-140.35}