{"_step":10010,"reward":270,"_timestamp":1.74331218027126e+09,"_runtime":66.429541402,"episode":9999,"final_reward":270,"_wandb":{"runtime":66}}