{"_wandb":{"runtime":124},"reward":-132.77,"_timestamp":1.7433342916816328e+09,"_runtime":124.620881031,"_step":19901,"final_reward":-132.77}