{"_wandb":{"runtime":90},"qlearning_reward":300,"_timestamp":1.743314757960597e+09,"_runtime":90.528455222,"_step":7429}