{"_step":19901,"reward":-133.64,"_timestamp":1.743334612666645e+09,"_runtime":129.820111977,"final_reward":-133.64,"_wandb":{"runtime":129}}