{"episode":19000,"_timestamp":1.743342944429898e+09,"_runtime":251.694467916,"_step":19,"_wandb":{"runtime":251},"train_episode_reward_averaged":276.764,"test_episode_reward_averaged":221}