{"_wandb":{"runtime":155},"_runtime":155.726527141,"_step":19901,"reward":-148.89000000000001,"_timestamp":1.7433361774246635e+09,"final_reward":-148.89000000000001}