{"_runtime":329.728883037,"_step":19901,"qlearning_final_reward":546.98,"_wandb":{"runtime":329},"qlearning_reward":546.98,"_timestamp":1.7433221533269348e+09}