{"qlearning_reward":406.06,"_timestamp":1.7433191322204387e+09,"_runtime":174.720309893,"_step":9901,"qlearning_final_reward":406.06,"_wandb":{"runtime":174}}