{"sarsa_reward":200,"_timestamp":1.7433132074663482e+09,"_runtime":22.561960647,"_wandb":{"runtime":22},"_step":8556}