{"_wandb":{"runtime":109},"reward":-173.34,"_timestamp":1.7433347357512667e+09,"_runtime":109.196820968,"_step":19901,"final_reward":-173.34}