{"_wandb":{"runtime":360},"train_episode_reward_averaged":345.01,"test_episode_reward_averaged":306.15,"episode":19000,"_timestamp":1.7433330652280018e+09,"_runtime":360.553787548,"_step":19}