{"test_episode_reward_averaged":-196.9,"episode":9000,"_timestamp":1.7433182864518352e+09,"_wandb":{"runtime":187},"_runtime":187.601645684,"_step":9,"train_episode_reward_averaged":-180.938}