{"_runtime":281.405726651,"_step":19,"_wandb":{"runtime":281},"train_episode_reward_averaged":273.77,"test_episode_reward_averaged":230.35,"episode":19000,"_timestamp":1.7433383712832634e+09}