{"_runtime":352.47346395,"_step":19901,"qlearning_final_reward":412.24,"_wandb":{"runtime":352},"reward":412.24,"_timestamp":1.74333750909558e+09}