{"_runtime":360.483964337,"_step":19,"_wandb":{"runtime":360},"train_episode_reward_averaged":345.01,"test_episode_reward_averaged":306.15,"episode":19000,"_timestamp":1.7433352472966304e+09}