{"qlearning_final_reward":-121.30999999999999,"_wandb":{"runtime":211},"reward":-121.30999999999999,"_timestamp":1.7433348281027062e+09,"_runtime":211.31848738,"_step":19901}