{"_timestamp":1.7433195185005877e+09,"qlearning_final_reward":290.64,"_wandb":{"runtime":120},"_runtime":120.384758561,"_step":9901,"qlearning_reward":290.64}