{"episode":19000,"_wandb":{"runtime":360},"_timestamp":1.7433347105575278e+09,"_runtime":360.939653679,"_step":19,"train_episode_reward_averaged":345.01,"test_episode_reward_averaged":306.15}