{"_runtime":294.285298837,"_step":19901,"qlearning_final_reward":262.86,"_wandb":{"runtime":294},"qlearning_reward":262.86,"_timestamp":1.7433177008111978e+09}