{"episode":19000,"_timestamp":1.7433217586611524e+09,"_runtime":220.511499762,"_step":19,"_wandb":{"runtime":220},"train_episode_reward_averaged":-120.567,"test_episode_reward_averaged":-131.6}