{"_step":19901,"final_reward":-131.63,"_wandb":{"runtime":121},"reward":-131.63,"_timestamp":1.7433360159625084e+09,"_runtime":121.195641304}