{"_wandb":{"runtime":327},"qlearning_reward":313.54,"_timestamp":1.7433202601637003e+09,"_runtime":327.227335027,"_step":19901,"qlearning_final_reward":313.54}