{"qlearning_final_reward":-113.63,"_wandb":{"runtime":163},"reward":-113.63,"_timestamp":1.743337286770336e+09,"_runtime":163.63904018,"_step":19901}