{"_runtime":208.6326776,"_step":19901,"sarsa_reward":910.8399999999999,"_timestamp":1.7433192985012708e+09,"sarsa_final_reward":910.8399999999999,"_wandb":{"runtime":208}}