{"sarsa_reward":200,"_timestamp":1.7433166119808881e+09,"_runtime":34.360308209,"_step":10000,"sarsa_final_reward":200,"_wandb":{"runtime":34}}