{"qlearning_reward":156.77999999999997,"_timestamp":1.7433196461003485e+09,"_runtime":121.483303199,"_step":19901,"qlearning_final_reward":156.77999999999997,"_wandb":{"runtime":121}}