{"_wandb":{"runtime":190},"_timestamp":1.7433361895567741e+09,"_runtime":190.564059003,"_step":19901,"reward":-122.63,"qlearning_final_reward":-122.63}