{"_wandb":{"runtime":469},"qlearning_reward":526.54,"_timestamp":1.7433189444713738e+09,"_runtime":469.796221863,"_step":19901,"qlearning_final_reward":526.54}