{"reward":-131.53999999999996,"final_reward":-131.53999999999996,"_wandb":{"runtime":183},"_timestamp":1.7433350585012255e+09,"_runtime":183.014097697,"_step":19901}