{"_step":19,"train_episode_reward_averaged":200.863,"test_episode_reward_averaged":200.5,"episode":19000,"_timestamp":1.7433318659382029e+09,"_wandb":{"runtime":226},"_runtime":226.301130974}