{"_runtime":198.101950905,"_step":19901,"sarsa_final_reward":475.91,"_wandb":{"runtime":198},"sarsa_reward":475.91,"_timestamp":1.7433178891709716e+09}