{"sarsa_reward":769.8100000000001,"_timestamp":1.7433181232233214e+09,"_runtime":226.653885988,"_step":19901,"sarsa_final_reward":769.8100000000001,"_wandb":{"runtime":226}}