{"_wandb":{"runtime":102},"reward":191.65,"_timestamp":1.7433353573245127e+09,"_runtime":102.076500895,"_step":19901,"final_reward":191.65}