{"_wandb":{"runtime":73},"sarsa_reward":{"values":[0,0,0,0,0,0,0,0,0,0,0,0,0,0,0,0,100,0,0,0,0,0,0,0,0,0,0,0,0,0,0,0],"bins":[2.5,2.53125,2.5625,2.59375,2.625,2.65625,2.6875,2.71875,2.75,2.78125,2.8125,2.84375,2.875,2.90625,2.9375,2.96875,3,3.03125,3.0625,3.09375,3.125,3.15625,3.1875,3.21875,3.25,3.28125,3.3125,3.34375,3.375,3.40625,3.4375,3.46875,3.5],"_type":"histogram"},"_timestamp":1.7433162141485963e+09,"_runtime":73.467488528,"_step":20000,"sarsa_final_reward":300}