{"_step":9,"train_episode_reward_averaged":-124.087,"test_episode_reward_averaged":-143.2,"episode":9000,"_wandb":{"runtime":183},"_timestamp":1.7433220973309026e+09,"_runtime":183.720932958}