{"_timestamp":1.7433155600461984e+09,"_runtime":67.744678845,"_step":10000,"qlearning_reward":132,"qlearning_final_reward":132,"_wandb":{"runtime":67}}