{"train_episode_reward_averaged":-137.836,"test_episode_reward_averaged":-140.7,"episode":9000,"_timestamp":1.7433180950737834e+09,"_wandb":{"runtime":149},"_runtime":149.228534993,"_step":9}