{"_wandb":{"runtime":331},"qlearning_reward":432.9100000000001,"_timestamp":1.743318468239904e+09,"_runtime":331.191023175,"_step":19901,"qlearning_final_reward":432.9100000000001}