{"qlearning_final_reward":-120.11999999999999,"_wandb":{"runtime":226},"_step":19901,"reward":-120.11999999999999,"_timestamp":1.7433353182596626e+09,"_runtime":226.863829912}