{"_runtime":81.568774462,"_step":9685,"qlearning_reward":183,"_wandb":{"runtime":81},"_timestamp":1.7433156470403106e+09}