{"_timestamp":1.7433179225853968e+09,"_runtime":177.215942347,"_step":9,"train_episode_reward_averaged":-161.627,"test_episode_reward_averaged":-166,"episode":9000,"_wandb":{"runtime":177}}