{"_wandb":{"runtime":123},"_step":9901,"reward":245.98999999999998,"_timestamp":1.7433346703228483e+09,"_runtime":123.121177134,"qlearning_final_reward":245.98999999999998}