{"qlearning_reward":391.19,"_timestamp":1.7433213012453241e+09,"_runtime":125.339552625,"_step":9901,"qlearning_final_reward":391.19,"_wandb":{"runtime":125}}