{"final_reward":-128.18,"_wandb":{"runtime":128},"reward":-128.18,"_timestamp":1.7433340251789424e+09,"_runtime":128.759215394,"_step":19901}