{"_runtime":112.802800024,"_step":20000,"qlearning_final_reward":238,"_wandb":{"runtime":112},"qlearning_reward":{"values":[0,0,0,0,0,0,0,0,0,0,0,0,0,0,0,0,100,0,0,0,0,0,0,0,0,0,0,0,0,0,0,0],"bins":[1.88,1.91125,1.9425,1.97375,2.005,2.03625,2.0675,2.09875,2.13,2.16125,2.1925,2.22375,2.255,2.28625,2.3175,2.34875,2.38,2.41125,2.4425,2.47375,2.505,2.53625,2.5675,2.59875,2.63,2.66125,2.6925,2.72375,2.755,2.78625,2.8175,2.84875,2.88],"_type":"histogram"},"_timestamp":1.7433162410020828e+09}