{"_wandb":{"runtime":77},"reward":222.42999999999998,"_timestamp":1.7433378160372589e+09,"_runtime":77.62921277,"_step":9901,"qlearning_final_reward":222.42999999999998}