{"_timestamp":1.743336759057912e+09,"_runtime":170.999339697,"_step":19901,"qlearning_final_reward":-117.18,"_wandb":{"runtime":170},"reward":-117.18}