{"sarsa_final_reward":179,"_wandb":{"runtime":85},"sarsa_reward":{"values":[0,0,0,0,0,0,0,0,0,0,0,0,0,0,0,0,100,0,0,0,0,0,0,0,0,0,0,0,0,0,0,0],"bins":[1.29,1.32125,1.3525,1.38375,1.415,1.44625,1.4775,1.50875,1.54,1.57125,1.6025,1.63375,1.665,1.69625,1.7275,1.75875,1.79,1.82125,1.8525,1.88375,1.915,1.94625,1.9775,2.00875,2.04,2.07125,2.1025,2.13375,2.165,2.19625,2.2275,2.25875,2.29],"_type":"histogram"},"_timestamp":1.7433159938353047e+09,"_runtime":85.013140058,"_step":40000}