{"_timestamp":1.7433203208595924e+09,"_wandb":{"runtime":179},"_runtime":179.784306604,"_step":9,"train_episode_reward_averaged":-164.682,"test_episode_reward_averaged":-140,"episode":9000}