{"_runtime":13.378372954,"_step":3006,"sarsa_reward":36,"_wandb":{"runtime":13},"_timestamp":1.743315649900932e+09}