{"episode":19000,"_timestamp":1.743336514460819e+09,"_runtime":162.909323471,"_step":19,"_wandb":{"runtime":162},"train_episode_reward_averaged":146.356,"test_episode_reward_averaged":155.85}