{"qlearning_reward":75.99999999999999,"_timestamp":1.743317778121419e+09,"_runtime":70.012387661,"_step":19901,"qlearning_final_reward":75.99999999999999,"_wandb":{"runtime":70}}