{"_runtime":173.506817291,"_step":19901,"sarsa_final_reward":397.21000000000004,"_wandb":{"runtime":173},"sarsa_reward":397.21000000000004,"_timestamp":1.7433198649573505e+09}