{"sarsa_final_reward":446.8500000000001,"_wandb":{"runtime":55},"sarsa_reward":446.8500000000001,"_timestamp":1.74331688767543e+09,"_runtime":55.374540147,"_step":9901}