{"_wandb":{"runtime":312},"_runtime":312.209702512,"_step":19901,"reward":-175.58,"_timestamp":1.7433339238955114e+09,"qlearning_final_reward":-175.58}