{"episode":19000,"_timestamp":1.7433356182020798e+09,"_runtime":358.407006016,"_wandb":{"runtime":358},"_step":19,"train_episode_reward_averaged":345.211,"test_episode_reward_averaged":320.15}