{"_step":9901,"sarsa_final_reward":200,"_wandb":{"runtime":39},"sarsa_reward":200,"_timestamp":1.7433172971198812e+09,"_runtime":39.470181301}