{"test_episode_reward_averaged":242.05,"episode":19000,"_wandb":{"runtime":288},"_timestamp":1.74334039703348e+09,"_runtime":288.764613998,"_step":19,"train_episode_reward_averaged":254.052}