{"sarsa_final_reward":324.21999999999997,"_wandb":{"runtime":209},"sarsa_reward":324.21999999999997,"_timestamp":1.7433207140361438e+09,"_runtime":209.027743901,"_step":19901}