{"_step":29537,"_wandb":{"runtime":103},"sarsa_reward":200,"_timestamp":1.7433130870026584e+09,"_runtime":103.535745653}