{"sarsa_reward":812.25,"_timestamp":1.7433204969581683e+09,"_runtime":218.909550789,"_step":19901,"sarsa_final_reward":812.25,"_wandb":{"runtime":218}}