{"test_episode_reward_averaged":-175.9,"episode":9000,"_timestamp":1.743319069185396e+09,"_runtime":218.140193898,"_step":9,"_wandb":{"runtime":218},"train_episode_reward_averaged":-183.513}