{"_runtime":308.206302809,"_step":19901,"qlearning_final_reward":522.4799999999999,"_wandb":{"runtime":308},"reward":522.4799999999999,"_timestamp":1.7433366419871426e+09}