{"_timestamp":1.7433195032628148e+09,"_runtime":197.147356864,"sarsa_final_reward":855.53,"_wandb":{"runtime":197},"_step":19901,"sarsa_reward":855.53}