{"_runtime":120.587832776,"_step":20000,"sarsa_final_reward":500,"_wandb":{"runtime":120},"sarsa_reward":500,"_timestamp":1.743316466458842e+09}