{"_timestamp":1.7433377095846052e+09,"_runtime":225.425925683,"_step":19901,"reward":-118.12,"qlearning_final_reward":-118.12,"_wandb":{"runtime":225}}