{"_step":19,"train_episode_reward_averaged":250.404,"_wandb":{"runtime":304},"test_episode_reward_averaged":206.3,"episode":19000,"_timestamp":1.7433407077533991e+09,"_runtime":304.289511467}