{"sarsa_reward":{"bins":[4.24,4.27125,4.3025,4.33375,4.365,4.39625,4.4275,4.45875,4.49,4.52125,4.5525,4.58375,4.615,4.64625,4.6775,4.70875,4.74,4.77125,4.8025,4.83375,4.865,4.89625,4.9275,4.95875,4.99,5.02125,5.0525,5.08375,5.115,5.14625,5.1775,5.20875,5.24],"_type":"histogram","values":[0,0,0,0,0,0,0,0,0,0,0,0,0,0,0,0,100,0,0,0,0,0,0,0,0,0,0,0,0,0,0,0]},"_timestamp":1.7433158996895893e+09,"_runtime":233.464071959,"_step":40000,"sarsa_final_reward":474,"_wandb":{"runtime":233}}