{"train_episode_reward_averaged":276.764,"test_episode_reward_averaged":221,"_wandb":{"runtime":251},"episode":19000,"_timestamp":1.7433420723075602e+09,"_runtime":251.415580691,"_step":19}