{"episode":19000,"_timestamp":1.7433377846010816e+09,"_wandb":{"runtime":358},"_runtime":357.972677736,"_step":19,"train_episode_reward_averaged":345.01,"test_episode_reward_averaged":306.15}