{"_timestamp":1.743341032664455e+09,"_wandb":{"runtime":317},"_runtime":317.775227635,"_step":19,"train_episode_reward_averaged":322.738,"test_episode_reward_averaged":237.05,"episode":19000}