{"episode":9000,"_wandb":{"runtime":181},"_timestamp":1.743320508699065e+09,"_runtime":181.888446707,"_step":9,"train_episode_reward_averaged":-151.467,"test_episode_reward_averaged":-184.5}