{"_step":19,"train_episode_reward_averaged":-147.811,"test_episode_reward_averaged":-158,"episode":19000,"_timestamp":1.743316806374798e+09,"_wandb":{"runtime":269},"_runtime":269.322603457}