{"final_reward":-130.9,"_wandb":{"runtime":107},"reward":-130.9,"_timestamp":1.743336307781389e+09,"_runtime":107.368956757,"_step":19901}