{"_wandb":{"runtime":335},"_timestamp":1.7433395264097383e+09,"_runtime":335.701339604,"_step":19,"train_episode_reward_averaged":299.096,"test_episode_reward_averaged":250.6,"episode":19000}