{"_step":20000,"sarsa_reward":{"_type":"histogram","values":[0,0,0,0,0,0,0,0,0,0,0,0,0,0,0,0,100,0,0,0,0,0,0,0,0,0,0,0,0,0,0,0],"bins":[1.1400000000000001,1.1712500000000001,1.2025000000000001,1.2337500000000001,1.2650000000000001,1.2962500000000001,1.3275000000000001,1.3587500000000001,1.3900000000000001,1.4212500000000001,1.4525000000000001,1.4837500000000001,1.5150000000000001,1.5462500000000001,1.5775000000000001,1.6087500000000001,1.6400000000000001,1.6712500000000001,1.7025000000000001,1.7337500000000001,1.7650000000000001,1.7962500000000001,1.8275000000000001,1.8587500000000001,1.8900000000000001,1.9212500000000001,1.9525000000000001,1.9837500000000001,2.015,2.04625,2.0775,2.10875,2.14]},"_timestamp":1.7433143532356708e+09,"_runtime":41.267827761,"sarsa_final_reward":164,"_wandb":{"runtime":41}}