{"_wandb":{"runtime":101},"sarsa_reward":157,"_timestamp":1.7433165731932006e+09,"_runtime":101.103014988,"_step":20000,"sarsa_final_reward":157}