{"_timestamp":1.7433350849263964e+09,"_runtime":252.244297937,"_step":19901,"reward":-119.84,"qlearning_final_reward":-119.84,"_wandb":{"runtime":252}}