{"qlearning_final_reward":199.27,"_wandb":{"runtime":76},"qlearning_reward":199.27,"_timestamp":1.743319728252588e+09,"_runtime":76.718951144,"_step":9901}