{"_wandb":{"runtime":176},"_runtime":176.536245494,"_step":19901,"reward":-129.88000000000002,"_timestamp":1.7433374712399607e+09,"qlearning_final_reward":-129.88000000000002}