{"final_reward":-136.89999999999998,"_wandb":{"runtime":125},"reward":-136.89999999999998,"_timestamp":1.7433341592639902e+09,"_runtime":125.28058673,"_step":19901}