{"reward":215.71,"_timestamp":1.743333491629494e+09,"_runtime":177.121075456,"_step":19901,"qlearning_final_reward":215.71,"_wandb":{"runtime":177}}