{"reward":410.09,"_timestamp":1.7433344152389295e+09,"_runtime":96.212594166,"_step":9901,"final_reward":410.09,"_wandb":{"runtime":96}}