{"qlearning_final_reward":71,"_wandb":{"runtime":72},"qlearning_reward":{"values":[0,0,0,0,0,0,0,0,0,0,0,0,0,0,0,0,100,0,0,0,0,0,0,0,0,0,0,0,0,0,0,0],"bins":[0.20999999999999996,0.24124999999999996,0.27249999999999996,0.30374999999999996,0.33499999999999996,0.36624999999999996,0.39749999999999996,0.42874999999999996,0.45999999999999996,0.49124999999999996,0.5225,0.55375,0.585,0.61625,0.6475,0.67875,0.71,0.74125,0.7725,0.80375,0.835,0.86625,0.8975,0.92875,0.96,0.99125,1.0225,1.05375,1.085,1.11625,1.1475,1.17875,1.21],"_type":"histogram"},"_timestamp":1.7433160477583814e+09,"_runtime":72.183857935,"_step":20000}