{"test_episode_reward_averaged":222.95,"episode":19000,"_timestamp":1.743342392077146e+09,"_wandb":{"runtime":312},"_runtime":312.382246286,"_step":19,"train_episode_reward_averaged":309.274}