{"_timestamp":1.7433398450198843e+09,"_runtime":312.1796497,"_step":19,"_wandb":{"runtime":312},"train_episode_reward_averaged":309.274,"test_episode_reward_averaged":222.95,"episode":19000}