{"_timestamp":1.7433341017884576e+09,"_runtime":172.602777973,"_step":19901,"qlearning_final_reward":-119.62,"_wandb":{"runtime":172},"reward":-119.62}