{"final_reward":200,"_wandb":{"runtime":65},"reward":200,"_timestamp":1.743312105049927e+09,"_runtime":65.061202717,"_step":20020,"episode":19999}