{"_timestamp":1.7433359856990926e+09,"_runtime":223.668995634,"_step":19901,"qlearning_final_reward":-121.80000000000003,"_wandb":{"runtime":223},"reward":-121.80000000000003}