{"_wandb":{"runtime":249},"reward":464.24,"_timestamp":1.743335704194961e+09,"_runtime":249.095409292,"_step":19901,"final_reward":464.24}