{"_step":9901,"sarsa_reward":191.54000000000002,"sarsa_final_reward":191.54000000000002,"_wandb":{"runtime":42},"_timestamp":1.7433176860254312e+09,"_runtime":42.805784152}