{"_wandb":{"runtime":141},"_runtime":141.107271242,"_step":9901,"qlearning_reward":489.27,"_timestamp":1.7433214502472758e+09,"qlearning_final_reward":489.27}