{"train_episode_reward_averaged":-171.135,"test_episode_reward_averaged":-196.85,"episode":19000,"_timestamp":1.7433213054953327e+09,"_runtime":378.110246503,"_wandb":{"runtime":378},"_step":19}