{"_wandb":{"runtime":50},"reward":500,"_timestamp":1.743312032461485e+09,"_runtime":50.844865028,"_step":10010,"episode":9999,"final_reward":500}