{"test_episode_reward_averaged":320.15,"episode":19000,"_timestamp":1.7433359827046492e+09,"_runtime":358.140817273,"_step":19,"train_episode_reward_averaged":345.211,"_wandb":{"runtime":358}}