{"episode":19000,"_timestamp":1.7433162095948753e+09,"_runtime":309.733521238,"_wandb":{"runtime":309},"_step":19,"train_episode_reward_averaged":-133.38,"test_episode_reward_averaged":-150.15}