{"train_episode_reward_averaged":248.478,"test_episode_reward_averaged":254.9,"episode":19000,"_timestamp":1.743338084543104e+09,"_runtime":294.813737596,"_wandb":{"runtime":294},"_step":19}