{"_runtime":220.223785113,"_step":19,"_wandb":{"runtime":220},"train_episode_reward_averaged":-120.567,"test_episode_reward_averaged":-131.6,"episode":19000,"_timestamp":1.7433206248581848e+09}