{"final_reward":196.79000000000002,"_wandb":{"runtime":76},"reward":196.79000000000002,"_timestamp":1.743333437132607e+09,"_runtime":76.843890873,"_step":19901}