{"_step":19901,"reward":232.93999999999997,"final_reward":232.93999999999997,"_wandb":{"runtime":285},"_timestamp":1.7433342081534483e+09,"_runtime":285.180791929}