{"episode":9000,"_timestamp":1.743321513625255e+09,"_wandb":{"runtime":200},"_runtime":200.674904622,"_step":9,"train_episode_reward_averaged":-154.952,"test_episode_reward_averaged":-152.7}