{"_timestamp":1.7433142223070889e+09,"_runtime":73.097854893,"_step":20000,"sarsa_reward":{"bins":[0.18000000000000005,0.21125000000000005,0.24250000000000005,0.27375000000000005,0.30500000000000005,0.33625000000000005,0.36750000000000005,0.39875000000000005,0.43000000000000005,0.46125000000000005,0.49250000000000005,0.52375,0.555,0.58625,0.6175,0.64875,0.68,0.71125,0.7425,0.77375,0.805,0.83625,0.8675,0.89875,0.93,0.96125,0.9925,1.0237500000000002,1.0550000000000002,1.0862500000000002,1.1175000000000002,1.1487500000000002,1.1800000000000002],"_type":"histogram","values":[0,0,0,0,0,0,0,0,0,0,0,0,0,0,0,0,100,0,0,0,0,0,0,0,0,0,0,0,0,0,0,0]},"sarsa_final_reward":68,"_wandb":{"runtime":73},"qlearning_reward":68}