{"_wandb":{"runtime":421},"qlearning_reward":499.34000000000003,"_timestamp":1.7433206961047978e+09,"_runtime":421.857011609,"_step":19901,"qlearning_final_reward":499.34000000000003}