{"episode":19000,"_timestamp":1.7433194822333982e+09,"_runtime":223.17584264,"_step":19,"_wandb":{"runtime":223},"train_episode_reward_averaged":-120.567,"test_episode_reward_averaged":-131.6}