{"_timestamp":1.743336347230679e+09,"_runtime":359.221105591,"_wandb":{"runtime":359},"_step":19,"train_episode_reward_averaged":345.211,"test_episode_reward_averaged":320.15,"episode":19000}