{"_step":2007,"_wandb":{"runtime":45},"qlearning_reward":1000,"_timestamp":1.7433137055524423e+09,"_runtime":45.554577464}