{"_wandb":{"runtime":97},"reward":199.59,"_timestamp":1.7433359753530014e+09,"_runtime":97.430163015,"_step":19901,"final_reward":199.59}