{"final_reward":323.28000000000003,"_wandb":{"runtime":71},"reward":323.28000000000003,"_timestamp":1.7433354418155673e+09,"_runtime":71.212072923,"_step":9901}