{"_runtime":198.870256224,"_step":19901,"reward":-127.47,"_timestamp":1.7433343085630755e+09,"qlearning_final_reward":-127.47,"_wandb":{"runtime":198}}