{"reward":205.09000000000003,"_timestamp":1.7433357204791455e+09,"_runtime":199.250040229,"_step":19901,"qlearning_final_reward":205.09000000000003,"_wandb":{"runtime":199}}