{"_step":9,"train_episode_reward_averaged":-164.367,"_wandb":{"runtime":174},"test_episode_reward_averaged":-163.4,"episode":9000,"_timestamp":1.7433158954764216e+09,"_runtime":174.436628247}