{"_timestamp":1.743342688354774e+09,"_runtime":292.968339734,"_step":19,"train_episode_reward_averaged":315.042,"_wandb":{"runtime":293},"test_episode_reward_averaged":243.5,"episode":19000}