{"_wandb":{"runtime":361},"test_episode_reward_averaged":320.15,"episode":19000,"_timestamp":1.7433334342826228e+09,"_runtime":361.035144666,"_step":19,"train_episode_reward_averaged":345.211}