{"_step":9901,"final_reward":-242.09,"_wandb":{"runtime":77},"reward":-242.09,"_timestamp":1.7433356136853278e+09,"_runtime":77.783194955}