{"_wandb":{"runtime":171},"_timestamp":1.7433195911457438e+09,"_runtime":171.166257111,"_step":9,"train_episode_reward_averaged":-143.752,"test_episode_reward_averaged":-188.4,"episode":9000}