{"sarsa_final_reward":207,"_wandb":{"runtime":53},"_step":10000,"sarsa_reward":207,"_timestamp":1.743315630204353e+09,"_runtime":53.202020364}