{"_runtime":63.291405243,"_step":9901,"sarsa_final_reward":477.53000000000003,"_wandb":{"runtime":63},"sarsa_reward":477.53000000000003,"_timestamp":1.7433210645470989e+09}