{"test_episode_reward_averaged":155.85,"episode":19000,"_timestamp":1.7433343423139465e+09,"_runtime":166.329290948,"_wandb":{"runtime":166},"_step":19,"train_episode_reward_averaged":146.356}