{"_runtime":3.895860505,"_step":2841,"_wandb":{"runtime":3},"sarsa_reward":59,"_timestamp":1.7433141736377094e+09}