{"_runtime":140.450032236,"_step":20000,"qlearning_final_reward":291,"_wandb":{"runtime":140},"qlearning_reward":{"values":[0,0,0,0,0,0,0,0,0,0,0,0,0,0,0,0,100,0,0,0,0,0,0,0,0,0,0,0,0,0,0,0],"bins":[2.41,2.44125,2.4725,2.50375,2.535,2.56625,2.5975,2.62875,2.66,2.69125,2.7225,2.75375,2.785,2.81625,2.8475,2.87875,2.91,2.94125,2.9725,3.00375,3.035,3.06625,3.0975,3.12875,3.16,3.19125,3.2225,3.25375,3.285,3.31625,3.3475,3.37875,3.41],"_type":"histogram"},"_timestamp":1.7433159620806878e+09}