{"_step":19901,"sarsa_final_reward":909.22,"_wandb":{"runtime":221},"sarsa_reward":909.22,"_timestamp":1.743320092755413e+09,"_runtime":221.230837542}