{"qlearning_final_reward":569.61,"_wandb":{"runtime":273},"reward":569.61,"_timestamp":1.7433355133492177e+09,"_runtime":273.112786391,"_step":9901}