{"_runtime":73.180148874,"_step":19999,"_wandb":{"runtime":73},"sarsa_reward":200,"_timestamp":1.743313380351091e+09}