{"test_episode_reward_averaged":337.1,"episode":19000,"_timestamp":1.7433322153475757e+09,"_runtime":344.143290875,"_step":19,"_wandb":{"runtime":344},"train_episode_reward_averaged":325.441}