{"test_episode_reward_averaged":221,"episode":19000,"_timestamp":1.7433415561453972e+09,"_runtime":251.449262232,"_step":19,"_wandb":{"runtime":251},"train_episode_reward_averaged":276.764}