{"_timestamp":1.7433412983621645e+09,"_runtime":252.651790189,"_step":19,"train_episode_reward_averaged":276.764,"test_episode_reward_averaged":221,"episode":19000,"_wandb":{"runtime":252}}