{"_wandb":{"runtime":334},"_timestamp":1.7433194166358128e+09,"_runtime":334.831899461,"_step":19,"train_episode_reward_averaged":-141.498,"test_episode_reward_averaged":-153.15,"episode":19000}