{"reward":425.03000000000003,"_timestamp":1.7433333525554378e+09,"_runtime":60.788995293,"_step":9901,"final_reward":425.03000000000003,"_wandb":{"runtime":60}}