{"qlearning_final_reward":282.17999999999995,"_wandb":{"runtime":107},"qlearning_reward":282.17999999999995,"_timestamp":1.7433215643753817e+09,"_runtime":107.540908279,"_step":9901}