{"_step":19901,"sarsa_final_reward":885.8500000000001,"_wandb":{"runtime":295},"sarsa_reward":885.8500000000001,"_timestamp":1.743319084729683e+09,"_runtime":295.784216568}