{"_step":19,"train_episode_reward_averaged":-120.567,"test_episode_reward_averaged":-131.6,"_wandb":{"runtime":220},"episode":19000,"_timestamp":1.7433199428220644e+09,"_runtime":220.27129357}