{"episode":19000,"_timestamp":1.7433348823390396e+09,"_wandb":{"runtime":164},"_runtime":164.500964355,"_step":19,"train_episode_reward_averaged":146.356,"test_episode_reward_averaged":155.85}