{"qlearning_final_reward":368.35999999999996,"_wandb":{"runtime":351},"reward":368.35999999999996,"_timestamp":1.743337150573465e+09,"_runtime":351.341981776,"_step":19901}