{"_timestamp":1.743338317249669e+09,"_runtime":494.19483101,"_step":19901,"qlearning_final_reward":733.8700000000001,"_wandb":{"runtime":494},"reward":733.8700000000001}