{"_runtime":158.491544923,"_step":19901,"qlearning_final_reward":-167.11,"_wandb":{"runtime":158},"reward":-167.11,"_timestamp":1.7433357561201732e+09}