{"_timestamp":1.7433351155237973e+09,"_runtime":210.062534764,"_step":19901,"qlearning_final_reward":185.63000000000005,"_wandb":{"runtime":210},"reward":185.63000000000005}