{"episode":19000,"_wandb":{"runtime":251},"_timestamp":1.7433432025340576e+09,"_runtime":251.642740131,"_step":19,"train_episode_reward_averaged":276.764,"test_episode_reward_averaged":221}