{"_wandb":{"runtime":297},"_timestamp":1.7433352472854674e+09,"_runtime":297.84477692,"_step":19901,"reward":811.1800000000002,"final_reward":811.1800000000002}