{"_timestamp":1.7433374143409994e+09,"_runtime":165.202821195,"_wandb":{"runtime":165},"_step":19,"train_episode_reward_averaged":151.407,"test_episode_reward_averaged":156.1,"episode":19000}