{"episode":19000,"_timestamp":1.7433192547717168e+09,"_runtime":228.098890636,"_step":19,"_wandb":{"runtime":228},"train_episode_reward_averaged":-120.567,"test_episode_reward_averaged":-131.6}