{"_wandb":{"runtime":147},"sarsa_reward":500,"_timestamp":1.7433145461650317e+09,"_runtime":147.546942243,"_step":18847}