{"_timestamp":1.7433155646368191e+09,"_runtime":81.901335683,"sarsa_final_reward":764,"_wandb":{"runtime":81},"_step":10000,"sarsa_reward":764}