{"_timestamp":1.7433367952725754e+09,"_runtime":144.380656013,"_step":9901,"reward":430.00000000000006,"qlearning_final_reward":430.00000000000006,"_wandb":{"runtime":144}}