{"sarsa_reward":943.8100000000001,"_timestamp":1.7433183066569693e+09,"_runtime":177.554958249,"_step":19901,"sarsa_final_reward":943.8100000000001,"_wandb":{"runtime":177}}