{"_runtime":59.543099675,"_step":12676,"sarsa_reward":328,"_timestamp":1.7433129740990963e+09,"_wandb":{"runtime":59}}