{"_wandb":{"runtime":147},"_step":19901,"reward":-164.9,"_timestamp":1.743335767983729e+09,"_runtime":147.222646393,"final_reward":-164.9}